-- Seed Tổ SX Lai Khê — lô, phần cạo, nhân sự, phân công mặc định
-- Chạy theo thứ tự:
--   1. schema-field-workforce.sql
--   2. views-field-workforce.sql
--   3. file này
--   (hoặc chỉ bổ sung lô/PC: seed-lots-sections-supplement.sql … supplement-3.sql)
--
-- Nguồn: danh sách công nhân Tổ SX Lai Khê (58 dòng; bỏ dòng Trạm Lai Khê)

CREATE EXTENSION IF NOT EXISTS "uuid-ossp";

-- Đội / Tổ
INSERT INTO category_teams (id, name, department, metadata) VALUES
  ('team-lk', 'Tổ SX Lai Khê', 'Trung tâm nghiên cứu phát triển Giống cao su',
   '{"department_id":"dl-3","code":"LK","location":"Lai Khê","station":"Trạm Lai Khê"}')
ON CONFLICT (id) DO UPDATE SET
  name = EXCLUDED.name,
  department = EXCLUDED.department,
  metadata = EXCLUDED.metadata;

-- Nhóm trong đội
INSERT INTO work_groups (id, code, name, team_id, sort_order) VALUES
  ('wg-lk-cn', 'CN', 'Công nhân',       'team-lk', 1),
  ('wg-lk-kh', 'KH', 'Khoán hộ',        'team-lk', 2)
ON CONFLICT (id) DO UPDATE SET
  name = EXCLUDED.name,
  team_id = EXCLUDED.team_id;

-- Lô (ID LÔ = khóa chính bảng rubber_lots.id)
INSERT INTO rubber_lots (id, lot_code, squad, metadata) VALUES
  ('1.14VI.LK.16.103',   '1.14VI.LK.16.103',   'LK', '{"ten_lo":"3-8+4-8/2016","team_id":"team-lk"}'),
  ('1.14VI.LK.16.103.2', '1.14VI.LK.16.103.2', 'LK', '{"ten_lo":"3-8+4-8.2/2016","team_id":"team-lk"}'),
  ('1.14VI.LK.19.121',   '1.14VI.LK.19.121',   'LK', '{"ten_lo":"4-9/2019","team_id":"team-lk"}'),
  ('1.14VI.LK.19.124',   '1.14VI.LK.19.124',   'LK', '{"ten_lo":"4-11/2019","team_id":"team-lk"}'),
  ('1.14VI.LK.17.110',   '1.14VI.LK.17.110',   'LK', '{"ten_lo":"5-8/2017","team_id":"team-lk"}'),
  ('1.14VI.LK.17.112',   '1.14VI.LK.17.112',   'LK', '{"ten_lo":"5-9/2017","team_id":"team-lk"}'),
  ('1.14VI.LK.19.125',   '1.14VI.LK.19.125',   'LK', '{"ten_lo":"6-11/2019","team_id":"team-lk"}'),
  ('1.14VI.LK.15.092',   '1.14VI.LK.15.092',   'LK', '{"ten_lo":"RRIV107/2015","team_id":"team-lk"}'),
  ('1.14VI.LK.15.093',   '1.14VI.LK.15.093',   'LK', '{"ten_lo":"RRIV209/2015","team_id":"team-lk"}'),
  ('1.14VI.LK.03.081',   '1.14VI.LK.03.081',   'LK', '{"ten_lo":"SG,ST,XT/03","team_id":"team-lk"}'),
  ('1.14VI.LK.13.089',   '1.14VI.LK.13.089',   'LK', '{"ten_lo":"ST,CT/2013","team_id":"team-lk"}'),
  ('1.14VI.LK.18.119',   '1.14VI.LK.18.119',   'LK', '{"ten_lo":"SoLip/2018","team_id":"team-lk"}'),
  ('1.14VI.LK.17.108',   '1.14VI.LK.17.108',   'LK', '{"ten_lo":"6-6/2017","team_id":"team-lk"}'),
  ('1.14VI.LK.17.109',   '1.14VI.LK.17.109',   'LK', '{"ten_lo":"6-7/2017","team_id":"team-lk"}'),
  ('1.14VI.LK.17.111',   '1.14VI.LK.17.111',   'LK', '{"ten_lo":"8-8/2017","team_id":"team-lk"}'),
  ('1.14VI.LK.18.118',   '1.14VI.LK.18.118',   'LK', '{"ten_lo":"9-8/2018","team_id":"team-lk"}'),
  ('1.14VI.LK.16.098',   '1.14VI.LK.16.098',   'LK', '{"ten_lo":"MONO/16","team_id":"team-lk"}'),
  ('1.14VI.LK.16.097',   '1.14VI.LK.16.097',   'LK', '{"ten_lo":"RRIV230/2016","team_id":"team-lk"}'),
  ('1.14VI.LK.04.082',   '1.14VI.LK.04.082',   'LK', '{"ten_lo":"SG,ST,XT/04","team_id":"team-lk"}'),
  ('1.14VI.LK.06.085',   '1.14VI.LK.06.085',   'LK', '{"ten_lo":"ST/06","team_id":"team-lk"}'),
  ('1.14VI.LK.07.086',   '1.14VI.LK.07.086',   'LK', '{"ten_lo":"ST/07","team_id":"team-lk"}'),
  ('1.14VI.LK.19.120',   '1.14VI.LK.19.120',   'LK', '{"ten_lo":"10-8/2019","team_id":"team-lk"}'),
  ('1.14VI.LK.19.122',   '1.14VI.LK.19.122',   'LK', '{"ten_lo":"10-9/2019","team_id":"team-lk"}'),
  ('1.14VI.LK.18.116',   '1.14VI.LK.18.116',   'LK', '{"ten_lo":"E/2018","team_id":"team-lk"}'),
  ('1.14VI.LK.18.117',   '1.14VI.LK.18.117',   'LK', '{"ten_lo":"F/2018","team_id":"team-lk"}'),
  ('1.14VI.LK.16.101',   '1.14VI.LK.16.101',   'LK', '{"ten_lo":"RRIV206/2016","team_id":"team-lk"}'),
  ('1.14VI.LK.14.090',   '1.14VI.LK.14.090',   'LK', '{"ten_lo":"STLK/14","team_id":"team-lk"}'),
  ('1.14VI.LK.15.094',   '1.14VI.LK.15.094',   'LK', '{"ten_lo":"3-0/2015","team_id":"team-lk"}'),
  ('1.14VI.LK.16.099',   '1.14VI.LK.16.099',   'LK', '{"ten_lo":"3-0/2016","team_id":"team-lk"}'),
  ('1.14VI.LK.16.096',   '1.14VI.LK.16.096',   'LK', '{"ten_lo":"3-4/2016","team_id":"team-lk"}'),
  ('1.14VI.LK.16.100',   '1.14VI.LK.16.100',   'LK', '{"ten_lo":"4-0/2016","team_id":"team-lk"}'),
  ('1.14VI.LK.17.106',   '1.14VI.LK.17.106',   'LK', '{"ten_lo":"4-1/2017","team_id":"team-lk"}'),
  ('1.14VI.LK.16.104',   '1.14VI.LK.16.104',   'LK', '{"ten_lo":"5-4/2016","team_id":"team-lk"}'),
  ('1.14VI.LK.15.095',   '1.14VI.LK.15.095',   'LK', '{"ten_lo":"5-5/2015","team_id":"team-lk"}'),
  ('1.14VI.LK.17.107',   '1.14VI.LK.17.107',   'LK', '{"ten_lo":"5-6/2017","team_id":"team-lk"}'),
  ('1.14VI.LK.14.091',   '1.14VI.LK.14.091',   'LK', '{"ten_lo":"BC/2014","team_id":"team-lk"}'),
  ('1.14VI.LK.16.102',   '1.14VI.LK.16.102',   'LK', '{"ten_lo":"G1/2016","team_id":"team-lk"}'),
  ('1.14VI.LK.17.115',   '1.14VI.LK.17.115',   'LK', '{"ten_lo":"G1-2/2017","team_id":"team-lk"}'),
  ('1.14VI.LK.17.113',   '1.14VI.LK.17.113',   'LK', '{"ten_lo":"LK1/2017","team_id":"team-lk"}'),
  ('1.14VI.LK.17.114',   '1.14VI.LK.17.114',   'LK', '{"ten_lo":"LK2/2017","team_id":"team-lk"}'),
  ('1.14VI.LK.16.105',   '1.14VI.LK.16.105',   'LK', '{"ten_lo":"RRIV106/2016","team_id":"team-lk"}'),
  ('1.14VI.LK.05.084',   '1.14VI.LK.05.084',   'LK', '{"ten_lo":"ST/05","team_id":"team-lk"}'),
  ('1.14VI.LK.96.067',   '1.14VI.LK.96.067',   'LK', '{"ten_lo":"2-4/96","team_id":"team-lk"}'),
  ('1.14VI.LK.96.065',   '1.14VI.LK.96.065',   'LK', '{"ten_lo":"1-4/96","team_id":"team-lk"}'),
  ('1.14VI.LK.95.060',   '1.14VI.LK.95.060',   'LK', '{"ten_lo":"2-1/95","team_id":"team-lk"}'),
  ('1.14VI.LK.95.057',   '1.14VI.LK.95.057',   'LK', '{"ten_lo":"1-1/95","team_id":"team-lk"}')
ON CONFLICT (id) DO UPDATE SET
  lot_code = EXCLUDED.lot_code,
  squad = EXCLUDED.squad,
  metadata = EXCLUDED.metadata;

-- Phần cạo: UNIQUE (lot_id, section_no); section_code = ID_LÔ|PC|số
INSERT INTO tapping_sections (id, section_code, lot_id, lot_name, section_no, team_id, squad, active) VALUES
  ('ts-lk-16-103-pc01', '1.14VI.LK.16.103|PC|1',   '1.14VI.LK.16.103',   '3-8+4-8/2016',    1,  'team-lk', 'LK', true),
  ('ts-lk-16-103-pc02', '1.14VI.LK.16.103|PC|2',   '1.14VI.LK.16.103',   '3-8+4-8/2016',    2,  'team-lk', 'LK', true),
  ('ts-lk-16-103-pc03', '1.14VI.LK.16.103|PC|3',   '1.14VI.LK.16.103',   '3-8+4-8/2016',    3,  'team-lk', 'LK', true),
  ('ts-lk-16-103-pc04', '1.14VI.LK.16.103|PC|4',   '1.14VI.LK.16.103',   '3-8+4-8/2016',    4,  'team-lk', 'LK', true),
  ('ts-lk-16-103-pc05', '1.14VI.LK.16.103|PC|5',   '1.14VI.LK.16.103',   '3-8+4-8/2016',    5,  'team-lk', 'LK', true),
  ('ts-lk-16-103-pc06', '1.14VI.LK.16.103|PC|6',   '1.14VI.LK.16.103',   '3-8+4-8/2016',    6,  'team-lk', 'LK', true),
  ('ts-lk-16-1032-pc01','1.14VI.LK.16.103.2|PC|1', '1.14VI.LK.16.103.2', '3-8+4-8.2/2016',  1,  'team-lk', 'LK', true),
  ('ts-lk-19-121-pc01', '1.14VI.LK.19.121|PC|1',   '1.14VI.LK.19.121',   '4-9/2019',        1,  'team-lk', 'LK', true),
  ('ts-lk-19-121-pc02', '1.14VI.LK.19.121|PC|2',   '1.14VI.LK.19.121',   '4-9/2019',        2,  'team-lk', 'LK', true),
  ('ts-lk-19-121-pc03', '1.14VI.LK.19.121|PC|3',   '1.14VI.LK.19.121',   '4-9/2019',        3,  'team-lk', 'LK', true),
  ('ts-lk-19-121-pc04', '1.14VI.LK.19.121|PC|4',   '1.14VI.LK.19.121',   '4-9/2019',        4,  'team-lk', 'LK', true),
  ('ts-lk-19-124-pc01', '1.14VI.LK.19.124|PC|1',   '1.14VI.LK.19.124',   '4-11/2019',       1,  'team-lk', 'LK', true),
  ('ts-lk-19-124-pc02', '1.14VI.LK.19.124|PC|2',   '1.14VI.LK.19.124',   '4-11/2019',       2,  'team-lk', 'LK', true),
  ('ts-lk-17-110-pc01', '1.14VI.LK.17.110|PC|1',   '1.14VI.LK.17.110',   '5-8/2017',        1,  'team-lk', 'LK', true),
  ('ts-lk-17-110-pc02', '1.14VI.LK.17.110|PC|2',   '1.14VI.LK.17.110',   '5-8/2017',        2,  'team-lk', 'LK', true),
  ('ts-lk-17-110-pc03', '1.14VI.LK.17.110|PC|3',   '1.14VI.LK.17.110',   '5-8/2017',        3,  'team-lk', 'LK', true),
  ('ts-lk-17-112-pc01', '1.14VI.LK.17.112|PC|1',   '1.14VI.LK.17.112',   '5-9/2017',        1,  'team-lk', 'LK', true),
  ('ts-lk-17-112-pc02', '1.14VI.LK.17.112|PC|2',   '1.14VI.LK.17.112',   '5-9/2017',        2,  'team-lk', 'LK', true),
  ('ts-lk-17-112-pc03', '1.14VI.LK.17.112|PC|3',   '1.14VI.LK.17.112',   '5-9/2017',        3,  'team-lk', 'LK', true),
  ('ts-lk-17-112-pc04', '1.14VI.LK.17.112|PC|4',   '1.14VI.LK.17.112',   '5-9/2017',        4,  'team-lk', 'LK', true),
  ('ts-lk-17-112-pc05', '1.14VI.LK.17.112|PC|5',   '1.14VI.LK.17.112',   '5-9/2017',        5,  'team-lk', 'LK', true),
  ('ts-lk-17-112-pc06', '1.14VI.LK.17.112|PC|6',   '1.14VI.LK.17.112',   '5-9/2017',        6,  'team-lk', 'LK', true),
  ('ts-lk-17-112-pc07', '1.14VI.LK.17.112|PC|7',   '1.14VI.LK.17.112',   '5-9/2017',        7,  'team-lk', 'LK', true),
  ('ts-lk-17-112-pc08', '1.14VI.LK.17.112|PC|8',   '1.14VI.LK.17.112',   '5-9/2017',        8,  'team-lk', 'LK', true),
  ('ts-lk-17-112-pc09', '1.14VI.LK.17.112|PC|9',   '1.14VI.LK.17.112',   '5-9/2017',        9,  'team-lk', 'LK', true),
  ('ts-lk-17-112-pc10', '1.14VI.LK.17.112|PC|10',  '1.14VI.LK.17.112',   '5-9/2017',        10, 'team-lk', 'LK', true),
  ('ts-lk-19-125-pc01', '1.14VI.LK.19.125|PC|1',   '1.14VI.LK.19.125',   '6-11/2019',       1,  'team-lk', 'LK', true),
  ('ts-lk-19-125-pc02', '1.14VI.LK.19.125|PC|2',   '1.14VI.LK.19.125',   '6-11/2019',       2,  'team-lk', 'LK', true),
  ('ts-lk-19-125-pc03', '1.14VI.LK.19.125|PC|3',   '1.14VI.LK.19.125',   '6-11/2019',       3,  'team-lk', 'LK', true),
  ('ts-lk-19-125-pc04', '1.14VI.LK.19.125|PC|4',   '1.14VI.LK.19.125',   '6-11/2019',       4,  'team-lk', 'LK', true),
  ('ts-lk-19-125-pc05', '1.14VI.LK.19.125|PC|5',   '1.14VI.LK.19.125',   '6-11/2019',       5,  'team-lk', 'LK', true),
  ('ts-lk-19-125-pc06', '1.14VI.LK.19.125|PC|6',   '1.14VI.LK.19.125',   '6-11/2019',       6,  'team-lk', 'LK', true),
  ('ts-lk-15-092-pc01', '1.14VI.LK.15.092|PC|1',   '1.14VI.LK.15.092',   'RRIV107/2015',    1,  'team-lk', 'LK', true),
  ('ts-lk-15-092-pc02', '1.14VI.LK.15.092|PC|2',   '1.14VI.LK.15.092',   'RRIV107/2015',    2,  'team-lk', 'LK', true),
  ('ts-lk-15-092-pc03', '1.14VI.LK.15.092|PC|3',   '1.14VI.LK.15.092',   'RRIV107/2015',    3,  'team-lk', 'LK', true),
  ('ts-lk-15-092-pc04', '1.14VI.LK.15.092|PC|4',   '1.14VI.LK.15.092',   'RRIV107/2015',    4,  'team-lk', 'LK', true),
  ('ts-lk-15-092-pc05', '1.14VI.LK.15.092|PC|5',   '1.14VI.LK.15.092',   'RRIV107/2015',    5,  'team-lk', 'LK', true),
  ('ts-lk-15-092-pc06', '1.14VI.LK.15.092|PC|6',   '1.14VI.LK.15.092',   'RRIV107/2015',    6,  'team-lk', 'LK', true),
  ('ts-lk-15-093-pc01', '1.14VI.LK.15.093|PC|1',   '1.14VI.LK.15.093',   'RRIV209/2015',    1,  'team-lk', 'LK', true),
  ('ts-lk-15-093-pc02', '1.14VI.LK.15.093|PC|2',   '1.14VI.LK.15.093',   'RRIV209/2015',    2,  'team-lk', 'LK', true),
  ('ts-lk-15-093-pc03', '1.14VI.LK.15.093|PC|3',   '1.14VI.LK.15.093',   'RRIV209/2015',    3,  'team-lk', 'LK', true),
  ('ts-lk-15-093-pc04', '1.14VI.LK.15.093|PC|4',   '1.14VI.LK.15.093',   'RRIV209/2015',    4,  'team-lk', 'LK', true),
  ('ts-lk-15-093-pc05', '1.14VI.LK.15.093|PC|5',   '1.14VI.LK.15.093',   'RRIV209/2015',    5,  'team-lk', 'LK', true),
  ('ts-lk-15-093-pc06', '1.14VI.LK.15.093|PC|6',   '1.14VI.LK.15.093',   'RRIV209/2015',    6,  'team-lk', 'LK', true),
  ('ts-lk-15-093-pc07', '1.14VI.LK.15.093|PC|7',   '1.14VI.LK.15.093',   'RRIV209/2015',    7,  'team-lk', 'LK', true),
  ('ts-lk-03-081-pc01', '1.14VI.LK.03.081|PC|1',   '1.14VI.LK.03.081',   'SG,ST,XT/03',     1,  'team-lk', 'LK', true),
  ('ts-lk-03-081-pc02', '1.14VI.LK.03.081|PC|2',   '1.14VI.LK.03.081',   'SG,ST,XT/03',     2,  'team-lk', 'LK', true),
  ('ts-lk-03-081-pc03', '1.14VI.LK.03.081|PC|3',   '1.14VI.LK.03.081',   'SG,ST,XT/03',     3,  'team-lk', 'LK', true),
  ('ts-lk-03-081-pc04', '1.14VI.LK.03.081|PC|4',   '1.14VI.LK.03.081',   'SG,ST,XT/03',     4,  'team-lk', 'LK', true),
  ('ts-lk-03-081-pc05', '1.14VI.LK.03.081|PC|5',   '1.14VI.LK.03.081',   'SG,ST,XT/03',     5,  'team-lk', 'LK', true),
  ('ts-lk-03-081-pc06', '1.14VI.LK.03.081|PC|6',   '1.14VI.LK.03.081',   'SG,ST,XT/03',     6,  'team-lk', 'LK', true),
  ('ts-lk-13-089-pc01', '1.14VI.LK.13.089|PC|1',   '1.14VI.LK.13.089',   'ST,CT/2013',      1,  'team-lk', 'LK', true),
  ('ts-lk-13-089-pc02', '1.14VI.LK.13.089|PC|2',   '1.14VI.LK.13.089',   'ST,CT/2013',      2,  'team-lk', 'LK', true),
  ('ts-lk-13-089-pc03', '1.14VI.LK.13.089|PC|3',   '1.14VI.LK.13.089',   'ST,CT/2013',      3,  'team-lk', 'LK', true),
  ('ts-lk-13-089-pc04', '1.14VI.LK.13.089|PC|4',   '1.14VI.LK.13.089',   'ST,CT/2013',      4,  'team-lk', 'LK', true),
  ('ts-lk-13-089-pc05', '1.14VI.LK.13.089|PC|5',   '1.14VI.LK.13.089',   'ST,CT/2013',      5,  'team-lk', 'LK', true),
  ('ts-lk-13-089-pc06', '1.14VI.LK.13.089|PC|6',   '1.14VI.LK.13.089',   'ST,CT/2013',      6,  'team-lk', 'LK', true),
  ('ts-lk-13-089-pc07', '1.14VI.LK.13.089|PC|7',   '1.14VI.LK.13.089',   'ST,CT/2013',      7,  'team-lk', 'LK', true),
  ('ts-lk-18-119-pc01', '1.14VI.LK.18.119|PC|1',   '1.14VI.LK.18.119',   'SoLip/2018',      1,  'team-lk', 'LK', true),
  ('ts-lk-17-108-pc01', '1.14VI.LK.17.108|PC|1',   '1.14VI.LK.17.108',   '6-6/2017',        1,  'team-lk', 'LK', true),
  ('ts-lk-17-108-pc02', '1.14VI.LK.17.108|PC|2',   '1.14VI.LK.17.108',   '6-6/2017',        2,  'team-lk', 'LK', true),
  ('ts-lk-17-109-pc01', '1.14VI.LK.17.109|PC|1',   '1.14VI.LK.17.109',   '6-7/2017',        1,  'team-lk', 'LK', true),
  ('ts-lk-17-109-pc02', '1.14VI.LK.17.109|PC|2',   '1.14VI.LK.17.109',   '6-7/2017',        2,  'team-lk', 'LK', true),
  ('ts-lk-17-111-pc01', '1.14VI.LK.17.111|PC|1',   '1.14VI.LK.17.111',   '8-8/2017',        1,  'team-lk', 'LK', true),
  ('ts-lk-17-111-pc02', '1.14VI.LK.17.111|PC|2',   '1.14VI.LK.17.111',   '8-8/2017',        2,  'team-lk', 'LK', true),
  ('ts-lk-17-111-pc03', '1.14VI.LK.17.111|PC|3',   '1.14VI.LK.17.111',   '8-8/2017',        3,  'team-lk', 'LK', true),
  ('ts-lk-17-111-pc04', '1.14VI.LK.17.111|PC|4',   '1.14VI.LK.17.111',   '8-8/2017',        4,  'team-lk', 'LK', true),
  ('ts-lk-17-111-pc05', '1.14VI.LK.17.111|PC|5',   '1.14VI.LK.17.111',   '8-8/2017',        5,  'team-lk', 'LK', true),
  ('ts-lk-17-111-pc06', '1.14VI.LK.17.111|PC|6',   '1.14VI.LK.17.111',   '8-8/2017',        6,  'team-lk', 'LK', true),
  ('ts-lk-17-111-pc07', '1.14VI.LK.17.111|PC|7',   '1.14VI.LK.17.111',   '8-8/2017',        7,  'team-lk', 'LK', true),
  ('ts-lk-18-118-pc01', '1.14VI.LK.18.118|PC|1',   '1.14VI.LK.18.118',   '9-8/2018',        1,  'team-lk', 'LK', true),
  ('ts-lk-18-118-pc02', '1.14VI.LK.18.118|PC|2',   '1.14VI.LK.18.118',   '9-8/2018',        2,  'team-lk', 'LK', true),
  ('ts-lk-18-118-pc03', '1.14VI.LK.18.118|PC|3',   '1.14VI.LK.18.118',   '9-8/2018',        3,  'team-lk', 'LK', true),
  ('ts-lk-18-118-pc04', '1.14VI.LK.18.118|PC|4',   '1.14VI.LK.18.118',   '9-8/2018',        4,  'team-lk', 'LK', true),
  ('ts-lk-18-118-pc05', '1.14VI.LK.18.118|PC|5',   '1.14VI.LK.18.118',   '9-8/2018',        5,  'team-lk', 'LK', true),
  ('ts-lk-18-118-pc06', '1.14VI.LK.18.118|PC|6',   '1.14VI.LK.18.118',   '9-8/2018',        6,  'team-lk', 'LK', true),
  ('ts-lk-16-098-pc01', '1.14VI.LK.16.098|PC|1',   '1.14VI.LK.16.098',   'MONO/16',         1,  'team-lk', 'LK', true),
  ('ts-lk-16-098-pc02', '1.14VI.LK.16.098|PC|2',   '1.14VI.LK.16.098',   'MONO/16',         2,  'team-lk', 'LK', true),
  ('ts-lk-16-098-pc03', '1.14VI.LK.16.098|PC|3',   '1.14VI.LK.16.098',   'MONO/16',         3,  'team-lk', 'LK', true),
  ('ts-lk-16-097-pc08', '1.14VI.LK.16.097|PC|8',   '1.14VI.LK.16.097',   'RRIV230/2016',    8,  'team-lk', 'LK', true),
  ('ts-lk-04-082-pc01', '1.14VI.LK.04.082|PC|1',   '1.14VI.LK.04.082',   'SG,ST,XT/04',     1,  'team-lk', 'LK', true),
  ('ts-lk-04-082-pc02', '1.14VI.LK.04.082|PC|2',   '1.14VI.LK.04.082',   'SG,ST,XT/04',     2,  'team-lk', 'LK', true),
  ('ts-lk-04-082-pc03', '1.14VI.LK.04.082|PC|3',   '1.14VI.LK.04.082',   'SG,ST,XT/04',     3,  'team-lk', 'LK', true),
  ('ts-lk-04-082-pc04', '1.14VI.LK.04.082|PC|4',   '1.14VI.LK.04.082',   'SG,ST,XT/04',     4,  'team-lk', 'LK', true),
  ('ts-lk-04-082-pc05', '1.14VI.LK.04.082|PC|5',   '1.14VI.LK.04.082',   'SG,ST,XT/04',     5,  'team-lk', 'LK', true),
  ('ts-lk-04-082-pc06', '1.14VI.LK.04.082|PC|6',   '1.14VI.LK.04.082',   'SG,ST,XT/04',     6,  'team-lk', 'LK', true),
  ('ts-lk-04-082-pc07', '1.14VI.LK.04.082|PC|7',   '1.14VI.LK.04.082',   'SG,ST,XT/04',     7,  'team-lk', 'LK', true),
  ('ts-lk-06-085-pc01', '1.14VI.LK.06.085|PC|1',   '1.14VI.LK.06.085',   'ST/06',           1,  'team-lk', 'LK', true),
  ('ts-lk-06-085-pc02', '1.14VI.LK.06.085|PC|2',   '1.14VI.LK.06.085',   'ST/06',           2,  'team-lk', 'LK', true),
  ('ts-lk-06-085-pc03', '1.14VI.LK.06.085|PC|3',   '1.14VI.LK.06.085',   'ST/06',           3,  'team-lk', 'LK', true),
  ('ts-lk-06-085-pc04', '1.14VI.LK.06.085|PC|4',   '1.14VI.LK.06.085',   'ST/06',           4,  'team-lk', 'LK', true),
  ('ts-lk-06-085-pc05', '1.14VI.LK.06.085|PC|5',   '1.14VI.LK.06.085',   'ST/06',           5,  'team-lk', 'LK', true),
  ('ts-lk-06-085-pc06', '1.14VI.LK.06.085|PC|6',   '1.14VI.LK.06.085',   'ST/06',           6,  'team-lk', 'LK', true),
  ('ts-lk-07-086-pc01', '1.14VI.LK.07.086|PC|1',   '1.14VI.LK.07.086',   'ST/07',           1,  'team-lk', 'LK', true),
  ('ts-lk-07-086-pc02', '1.14VI.LK.07.086|PC|2',   '1.14VI.LK.07.086',   'ST/07',           2,  'team-lk', 'LK', true),
  ('ts-lk-07-086-pc03', '1.14VI.LK.07.086|PC|3',   '1.14VI.LK.07.086',   'ST/07',           3,  'team-lk', 'LK', true),
  ('ts-lk-07-086-pc04', '1.14VI.LK.07.086|PC|4',   '1.14VI.LK.07.086',   'ST/07',           4,  'team-lk', 'LK', true),
  ('ts-lk-07-086-pc05', '1.14VI.LK.07.086|PC|5',   '1.14VI.LK.07.086',   'ST/07',           5,  'team-lk', 'LK', true),
  ('ts-lk-07-086-pc06', '1.14VI.LK.07.086|PC|6',   '1.14VI.LK.07.086',   'ST/07',           6,  'team-lk', 'LK', true),
  ('ts-lk-07-086-pc07', '1.14VI.LK.07.086|PC|7',   '1.14VI.LK.07.086',   'ST/07',           7,  'team-lk', 'LK', true),
  ('ts-lk-07-086-pc08', '1.14VI.LK.07.086|PC|8',   '1.14VI.LK.07.086',   'ST/07',           8,  'team-lk', 'LK', true),
  ('ts-lk-19-120-pc01', '1.14VI.LK.19.120|PC|1',   '1.14VI.LK.19.120',   '10-8/2019',       1,  'team-lk', 'LK', true),
  ('ts-lk-19-120-pc02', '1.14VI.LK.19.120|PC|2',   '1.14VI.LK.19.120',   '10-8/2019',       2,  'team-lk', 'LK', true),
  ('ts-lk-19-120-pc03', '1.14VI.LK.19.120|PC|3',   '1.14VI.LK.19.120',   '10-8/2019',       3,  'team-lk', 'LK', true),
  ('ts-lk-19-122-pc01', '1.14VI.LK.19.122|PC|1',   '1.14VI.LK.19.122',   '10-9/2019',       1,  'team-lk', 'LK', true),
  ('ts-lk-19-122-pc02', '1.14VI.LK.19.122|PC|2',   '1.14VI.LK.19.122',   '10-9/2019',       2,  'team-lk', 'LK', true),
  ('ts-lk-18-116-pc01', '1.14VI.LK.18.116|PC|1',   '1.14VI.LK.18.116',   'E/2018',          1,  'team-lk', 'LK', true),
  ('ts-lk-18-116-pc02', '1.14VI.LK.18.116|PC|2',   '1.14VI.LK.18.116',   'E/2018',          2,  'team-lk', 'LK', true),
  ('ts-lk-18-116-pc03', '1.14VI.LK.18.116|PC|3',   '1.14VI.LK.18.116',   'E/2018',          3,  'team-lk', 'LK', true),
  ('ts-lk-18-117-pc01', '1.14VI.LK.18.117|PC|1',   '1.14VI.LK.18.117',   'F/2018',          1,  'team-lk', 'LK', true),
  ('ts-lk-18-117-pc02', '1.14VI.LK.18.117|PC|2',   '1.14VI.LK.18.117',   'F/2018',          2,  'team-lk', 'LK', true),
  ('ts-lk-18-117-pc03', '1.14VI.LK.18.117|PC|3',   '1.14VI.LK.18.117',   'F/2018',          3,  'team-lk', 'LK', true),
  ('ts-lk-18-117-pc04', '1.14VI.LK.18.117|PC|4',   '1.14VI.LK.18.117',   'F/2018',          4,  'team-lk', 'LK', true),
  ('ts-lk-18-117-pc05', '1.14VI.LK.18.117|PC|5',   '1.14VI.LK.18.117',   'F/2018',          5,  'team-lk', 'LK', true),
  ('ts-lk-18-117-pc06', '1.14VI.LK.18.117|PC|6',   '1.14VI.LK.18.117',   'F/2018',          6,  'team-lk', 'LK', true),
  ('ts-lk-18-117-pc07', '1.14VI.LK.18.117|PC|7',   '1.14VI.LK.18.117',   'F/2018',          7,  'team-lk', 'LK', true),
  ('ts-lk-18-117-pc08', '1.14VI.LK.18.117|PC|8',   '1.14VI.LK.18.117',   'F/2018',          8,  'team-lk', 'LK', true),
  ('ts-lk-16-101-pc01', '1.14VI.LK.16.101|PC|1',   '1.14VI.LK.16.101',   'RRIV206/2016',    1,  'team-lk', 'LK', true),
  ('ts-lk-16-101-pc02', '1.14VI.LK.16.101|PC|2',   '1.14VI.LK.16.101',   'RRIV206/2016',    2,  'team-lk', 'LK', true),
  ('ts-lk-16-101-pc03', '1.14VI.LK.16.101|PC|3',   '1.14VI.LK.16.101',   'RRIV206/2016',    3,  'team-lk', 'LK', true),
  ('ts-lk-16-101-pc04', '1.14VI.LK.16.101|PC|4',   '1.14VI.LK.16.101',   'RRIV206/2016',    4,  'team-lk', 'LK', true),
  ('ts-lk-16-101-pc05', '1.14VI.LK.16.101|PC|5',   '1.14VI.LK.16.101',   'RRIV206/2016',    5,  'team-lk', 'LK', true),
  ('ts-lk-16-101-pc06', '1.14VI.LK.16.101|PC|6',   '1.14VI.LK.16.101',   'RRIV206/2016',    6,  'team-lk', 'LK', true),
  ('ts-lk-16-101-pc07', '1.14VI.LK.16.101|PC|7',   '1.14VI.LK.16.101',   'RRIV206/2016',    7,  'team-lk', 'LK', true),
  ('ts-lk-14-090-pc01', '1.14VI.LK.14.090|PC|1',   '1.14VI.LK.14.090',   'STLK/14',         1,  'team-lk', 'LK', true),
  ('ts-lk-14-090-pc02', '1.14VI.LK.14.090|PC|2',   '1.14VI.LK.14.090',   'STLK/14',         2,  'team-lk', 'LK', true),
  ('ts-lk-14-090-pc03', '1.14VI.LK.14.090|PC|3',   '1.14VI.LK.14.090',   'STLK/14',         3,  'team-lk', 'LK', true),
  ('ts-lk-14-090-pc04', '1.14VI.LK.14.090|PC|4',   '1.14VI.LK.14.090',   'STLK/14',         4,  'team-lk', 'LK', true),
  ('ts-lk-14-090-pc05', '1.14VI.LK.14.090|PC|5',   '1.14VI.LK.14.090',   'STLK/14',         5,  'team-lk', 'LK', true),
  ('ts-lk-14-090-pc06', '1.14VI.LK.14.090|PC|6',   '1.14VI.LK.14.090',   'STLK/14',         6,  'team-lk', 'LK', true),
  ('ts-lk-15-094-pc01', '1.14VI.LK.15.094|PC|1',   '1.14VI.LK.15.094',   '3-0/2015',        1,  'team-lk', 'LK', true),
  ('ts-lk-15-094-pc02', '1.14VI.LK.15.094|PC|2',   '1.14VI.LK.15.094',   '3-0/2015',        2,  'team-lk', 'LK', true),
  ('ts-lk-16-099-pc01', '1.14VI.LK.16.099|PC|1',   '1.14VI.LK.16.099',   '3-0/2016',        1,  'team-lk', 'LK', true),
  ('ts-lk-16-099-pc02', '1.14VI.LK.16.099|PC|2',   '1.14VI.LK.16.099',   '3-0/2016',        2,  'team-lk', 'LK', true),
  ('ts-lk-16-099-pc03', '1.14VI.LK.16.099|PC|3',   '1.14VI.LK.16.099',   '3-0/2016',        3,  'team-lk', 'LK', true),
  ('ts-lk-16-096-pc01', '1.14VI.LK.16.096|PC|1',   '1.14VI.LK.16.096',   '3-4/2016',        1,  'team-lk', 'LK', true),
  ('ts-lk-16-096-pc02', '1.14VI.LK.16.096|PC|2',   '1.14VI.LK.16.096',   '3-4/2016',        2,  'team-lk', 'LK', true),
  ('ts-lk-16-096-pc03', '1.14VI.LK.16.096|PC|3',   '1.14VI.LK.16.096',   '3-4/2016',        3,  'team-lk', 'LK', true),
  ('ts-lk-16-096-pc04', '1.14VI.LK.16.096|PC|4',   '1.14VI.LK.16.096',   '3-4/2016',        4,  'team-lk', 'LK', true),
  ('ts-lk-16-096-pc05', '1.14VI.LK.16.096|PC|5',   '1.14VI.LK.16.096',   '3-4/2016',        5,  'team-lk', 'LK', true),
  ('ts-lk-16-100-pc01', '1.14VI.LK.16.100|PC|1',   '1.14VI.LK.16.100',   '4-0/2016',        1,  'team-lk', 'LK', true),
  ('ts-lk-16-100-pc02', '1.14VI.LK.16.100|PC|2',   '1.14VI.LK.16.100',   '4-0/2016',        2,  'team-lk', 'LK', true),
  ('ts-lk-17-106-pc01', '1.14VI.LK.17.106|PC|1',   '1.14VI.LK.17.106',   '4-1/2017',        1,  'team-lk', 'LK', true),
  ('ts-lk-17-106-pc02', '1.14VI.LK.17.106|PC|2',   '1.14VI.LK.17.106',   '4-1/2017',        2,  'team-lk', 'LK', true),
  ('ts-lk-17-106-pc03', '1.14VI.LK.17.106|PC|3',   '1.14VI.LK.17.106',   '4-1/2017',        3,  'team-lk', 'LK', true),
  ('ts-lk-16-104-pc01', '1.14VI.LK.16.104|PC|1',   '1.14VI.LK.16.104',   '5-4/2016',        1,  'team-lk', 'LK', true),
  ('ts-lk-16-104-pc02', '1.14VI.LK.16.104|PC|2',   '1.14VI.LK.16.104',   '5-4/2016',        2,  'team-lk', 'LK', true),
  ('ts-lk-16-104-pc03', '1.14VI.LK.16.104|PC|3',   '1.14VI.LK.16.104',   '5-4/2016',        3,  'team-lk', 'LK', true),
  ('ts-lk-15-095-pc01', '1.14VI.LK.15.095|PC|1',   '1.14VI.LK.15.095',   '5-5/2015',        1,  'team-lk', 'LK', true),
  ('ts-lk-15-095-pc02', '1.14VI.LK.15.095|PC|2',   '1.14VI.LK.15.095',   '5-5/2015',        2,  'team-lk', 'LK', true),
  ('ts-lk-17-107-pc01', '1.14VI.LK.17.107|PC|1',   '1.14VI.LK.17.107',   '5-6/2017',        1,  'team-lk', 'LK', true),
  ('ts-lk-17-107-pc02', '1.14VI.LK.17.107|PC|2',   '1.14VI.LK.17.107',   '5-6/2017',        2,  'team-lk', 'LK', true),
  ('ts-lk-14-091-pc01', '1.14VI.LK.14.091|PC|1',   '1.14VI.LK.14.091',   'BC/2014',         1,  'team-lk', 'LK', true),
  ('ts-lk-14-091-pc02', '1.14VI.LK.14.091|PC|2',   '1.14VI.LK.14.091',   'BC/2014',         2,  'team-lk', 'LK', true),
  ('ts-lk-14-091-pc03', '1.14VI.LK.14.091|PC|3',   '1.14VI.LK.14.091',   'BC/2014',         3,  'team-lk', 'LK', true),
  ('ts-lk-14-091-pc04', '1.14VI.LK.14.091|PC|4',   '1.14VI.LK.14.091',   'BC/2014',         4,  'team-lk', 'LK', true),
  ('ts-lk-14-091-pc05', '1.14VI.LK.14.091|PC|5',   '1.14VI.LK.14.091',   'BC/2014',         5,  'team-lk', 'LK', true),
  ('ts-lk-14-091-pc06', '1.14VI.LK.14.091|PC|6',   '1.14VI.LK.14.091',   'BC/2014',         6,  'team-lk', 'LK', true),
  ('ts-lk-16-102-pc01', '1.14VI.LK.16.102|PC|1',   '1.14VI.LK.16.102',   'G1/2016',         1,  'team-lk', 'LK', true),
  ('ts-lk-16-102-pc02', '1.14VI.LK.16.102|PC|2',   '1.14VI.LK.16.102',   'G1/2016',         2,  'team-lk', 'LK', true),
  ('ts-lk-17-115-pc01', '1.14VI.LK.17.115|PC|1',   '1.14VI.LK.17.115',   'G1-2/2017',       1,  'team-lk', 'LK', true),
  ('ts-lk-17-115-pc02', '1.14VI.LK.17.115|PC|2',   '1.14VI.LK.17.115',   'G1-2/2017',       2,  'team-lk', 'LK', true),
  ('ts-lk-17-113-pc01', '1.14VI.LK.17.113|PC|1',   '1.14VI.LK.17.113',   'LK1/2017',        1,  'team-lk', 'LK', true),
  ('ts-lk-17-113-pc02', '1.14VI.LK.17.113|PC|2',   '1.14VI.LK.17.113',   'LK1/2017',        2,  'team-lk', 'LK', true),
  ('ts-lk-17-114-pc01', '1.14VI.LK.17.114|PC|1',   '1.14VI.LK.17.114',   'LK2/2017',        1,  'team-lk', 'LK', true),
  ('ts-lk-17-114-pc02', '1.14VI.LK.17.114|PC|2',   '1.14VI.LK.17.114',   'LK2/2017',        2,  'team-lk', 'LK', true),
  ('ts-lk-17-114-pc03', '1.14VI.LK.17.114|PC|3',   '1.14VI.LK.17.114',   'LK2/2017',        3,  'team-lk', 'LK', true),
  ('ts-lk-16-105-pc01', '1.14VI.LK.16.105|PC|1',   '1.14VI.LK.16.105',   'RRIV106/2016',    1,  'team-lk', 'LK', true),
  ('ts-lk-05-084-pc01', '1.14VI.LK.05.084|PC|1',   '1.14VI.LK.05.084',   'ST/05',           1,  'team-lk', 'LK', true),
  ('ts-lk-05-084-pc02', '1.14VI.LK.05.084|PC|2',   '1.14VI.LK.05.084',   'ST/05',           2,  'team-lk', 'LK', true),
  ('ts-lk-05-084-pc03', '1.14VI.LK.05.084|PC|3',   '1.14VI.LK.05.084',   'ST/05',           3,  'team-lk', 'LK', true),
  ('ts-lk-05-084-pc04', '1.14VI.LK.05.084|PC|4',   '1.14VI.LK.05.084',   'ST/05',           4,  'team-lk', 'LK', true),
  ('ts-lk-96-067-pc01', '1.14VI.LK.96.067|PC|1',   '1.14VI.LK.96.067',   '2-4/96',          1,  'team-lk', 'LK', true),
  ('ts-lk-96-067-pc02', '1.14VI.LK.96.067|PC|2',   '1.14VI.LK.96.067',   '2-4/96',          2,  'team-lk', 'LK', true),
  ('ts-lk-96-067-pc03', '1.14VI.LK.96.067|PC|3',   '1.14VI.LK.96.067',   '2-4/96',          3,  'team-lk', 'LK', true),
  ('ts-lk-96-067-pc04', '1.14VI.LK.96.067|PC|4',   '1.14VI.LK.96.067',   '2-4/96',          4,  'team-lk', 'LK', true),
  ('ts-lk-96-067-pc05', '1.14VI.LK.96.067|PC|5',   '1.14VI.LK.96.067',   '2-4/96',          5,  'team-lk', 'LK', true),
  ('ts-lk-96-065-pc01', '1.14VI.LK.96.065|PC|1',   '1.14VI.LK.96.065',   '1-4/96',          1,  'team-lk', 'LK', true),
  ('ts-lk-95-060-pc01', '1.14VI.LK.95.060|PC|1',   '1.14VI.LK.95.060',   '2-1/95',          1,  'team-lk', 'LK', true),
  ('ts-lk-95-060-pc02', '1.14VI.LK.95.060|PC|2',   '1.14VI.LK.95.060',   '2-1/95',          2,  'team-lk', 'LK', true),
  ('ts-lk-95-057-pc01', '1.14VI.LK.95.057|PC|1',   '1.14VI.LK.95.057',   '1-1/95',          1,  'team-lk', 'LK', true)
ON CONFLICT (id) DO UPDATE SET
  section_code = EXCLUDED.section_code,
  lot_id = EXCLUDED.lot_id,
  lot_name = EXCLUDED.lot_name,
  section_no = EXCLUDED.section_no,
  team_id = EXCLUDED.team_id;

-- Nhân sự Tổ Lai Khê (UUID cố định theo mã LK-CN/KH)
INSERT INTO employee (
  id, employee_code, full_name, national_id, username,
  department_id, department_name, team_id, team_name,
  position_name, employment_status, work_group_id, erp_role, metadata
) VALUES
  (uuid_generate_v5('6ba7b810-9dad-11d1-80b4-00c04fd430c8'::uuid, 'lk:Bùi Thái Hòa'),           'LK-CN-001', 'Bùi Thái Hòa',           'MIG-LK-0001', 'lk-bui-thai-hoa',           'dl-3', 'Trung tâm nghiên cứu phát triển Giống cao su', 'team-lk', 'Tổ SX Lai Khê', 'CN cạo mủ', 'active', 'wg-lk-cn', 'user', '{"source":"seed-laikhe"}'),
  (uuid_generate_v5('6ba7b810-9dad-11d1-80b4-00c04fd430c8'::uuid, 'lk:Văn Công Tâm'),           'LK-CN-002', 'Văn Công Tâm',           'MIG-LK-0002', 'lk-van-cong-tam',           'dl-3', 'Trung tâm nghiên cứu phát triển Giống cao su', 'team-lk', 'Tổ SX Lai Khê', 'CN cạo mủ', 'active', 'wg-lk-cn', 'user', '{"source":"seed-laikhe"}'),
  (uuid_generate_v5('6ba7b810-9dad-11d1-80b4-00c04fd430c8'::uuid, 'lk:Nguyễn Thị Cơ'),          'LK-CN-003', 'Nguyễn Thị Cơ',          'MIG-LK-0003', 'lk-nguyen-thi-co',          'dl-3', 'Trung tâm nghiên cứu phát triển Giống cao su', 'team-lk', 'Tổ SX Lai Khê', 'CN cạo mủ', 'active', 'wg-lk-cn', 'user', '{"source":"seed-laikhe"}'),
  (uuid_generate_v5('6ba7b810-9dad-11d1-80b4-00c04fd430c8'::uuid, 'lk:Vương Thị Thanh Vân'),     'LK-CN-004', 'Vương Thị Thanh Vân',     'MIG-LK-0004', 'lk-vuong-thi-thanh-van',    'dl-3', 'Trung tâm nghiên cứu phát triển Giống cao su', 'team-lk', 'Tổ SX Lai Khê', 'CN cạo mủ', 'active', 'wg-lk-cn', 'user', '{"source":"seed-laikhe"}'),
  (uuid_generate_v5('6ba7b810-9dad-11d1-80b4-00c04fd430c8'::uuid, 'lk:Võ Thị Như Thùy'),        'LK-CN-005', 'Võ Thị Như Thùy',        'MIG-LK-0005', 'lk-vo-thi-nhu-thuy',        'dl-3', 'Trung tâm nghiên cứu phát triển Giống cao su', 'team-lk', 'Tổ SX Lai Khê', 'CN cạo mủ', 'active', 'wg-lk-cn', 'user', '{"source":"seed-laikhe"}'),
  (uuid_generate_v5('6ba7b810-9dad-11d1-80b4-00c04fd430c8'::uuid, 'lk:Nguyễn Quang Nghiêm'),    'LK-CN-006', 'Nguyễn Quang Nghiêm',    'MIG-LK-0006', 'lk-nguyen-quang-nghiem',    'dl-3', 'Trung tâm nghiên cứu phát triển Giống cao su', 'team-lk', 'Tổ SX Lai Khê', 'CN cạo mủ', 'active', 'wg-lk-cn', 'user', '{"source":"seed-laikhe"}'),
  (uuid_generate_v5('6ba7b810-9dad-11d1-80b4-00c04fd430c8'::uuid, 'lk:Vũ Thị Như'),             'LK-CN-007', 'Vũ Thị Như',             'MIG-LK-0007', 'lk-vu-thi-nhu',             'dl-3', 'Trung tâm nghiên cứu phát triển Giống cao su', 'team-lk', 'Tổ SX Lai Khê', 'CN cạo mủ', 'active', 'wg-lk-cn', 'user', '{"source":"seed-laikhe"}'),
  (uuid_generate_v5('6ba7b810-9dad-11d1-80b4-00c04fd430c8'::uuid, 'lk:Lê Minh Giàu'),           'LK-CN-008', 'Lê Minh Giàu',           'MIG-LK-0008', 'lk-le-minh-giau',           'dl-3', 'Trung tâm nghiên cứu phát triển Giống cao su', 'team-lk', 'Tổ SX Lai Khê', 'CN cạo mủ', 'active', 'wg-lk-cn', 'user', '{"source":"seed-laikhe"}'),
  (uuid_generate_v5('6ba7b810-9dad-11d1-80b4-00c04fd430c8'::uuid, 'lk:Nguyễn Ngọc Ánh'),        'LK-CN-009', 'Nguyễn Ngọc Ánh',        'MIG-LK-0009', 'lk-nguyen-ngoc-anh',        'dl-3', 'Trung tâm nghiên cứu phát triển Giống cao su', 'team-lk', 'Tổ SX Lai Khê', 'CN cạo mủ', 'active', 'wg-lk-cn', 'user', '{"source":"seed-laikhe"}'),
  (uuid_generate_v5('6ba7b810-9dad-11d1-80b4-00c04fd430c8'::uuid, 'lk:Trần Duy Năm'),           'LK-CN-010', 'Trần Duy Năm',           'MIG-LK-0010', 'lk-tran-duy-nam',           'dl-3', 'Trung tâm nghiên cứu phát triển Giống cao su', 'team-lk', 'Tổ SX Lai Khê', 'CN cạo mủ', 'active', 'wg-lk-cn', 'user', '{"source":"seed-laikhe"}'),
  (uuid_generate_v5('6ba7b810-9dad-11d1-80b4-00c04fd430c8'::uuid, 'lk:Lê Thị Nga'),              'LK-CN-011', 'Lê Thị Nga',              'MIG-LK-0011', 'lk-le-thi-nga',              'dl-3', 'Trung tâm nghiên cứu phát triển Giống cao su', 'team-lk', 'Tổ SX Lai Khê', 'CN cạo mủ', 'active', 'wg-lk-cn', 'user', '{"source":"seed-laikhe"}'),
  (uuid_generate_v5('6ba7b810-9dad-11d1-80b4-00c04fd430c8'::uuid, 'lk:Trương Văn Thành'),       'LK-CN-012', 'Trương Văn Thành',       'MIG-LK-0012', 'lk-truong-van-thanh',       'dl-3', 'Trung tâm nghiên cứu phát triển Giống cao su', 'team-lk', 'Tổ SX Lai Khê', 'CN cạo mủ', 'active', 'wg-lk-cn', 'user', '{"source":"seed-laikhe"}'),
  (uuid_generate_v5('6ba7b810-9dad-11d1-80b4-00c04fd430c8'::uuid, 'lk:Phạm Đức Hiền'),          'LK-CN-013', 'Phạm Đức Hiền',          'MIG-LK-0013', 'lk-pham-duc-hien',          'dl-3', 'Trung tâm nghiên cứu phát triển Giống cao su', 'team-lk', 'Tổ SX Lai Khê', 'CN cạo mủ', 'active', 'wg-lk-cn', 'user', '{"source":"seed-laikhe"}'),
  (uuid_generate_v5('6ba7b810-9dad-11d1-80b4-00c04fd430c8'::uuid, 'lk:Nguyễn Văn Tự'),           'LK-CN-014', 'Nguyễn Văn Tự',           'MIG-LK-0014', 'lk-nguyen-van-tu',           'dl-3', 'Trung tâm nghiên cứu phát triển Giống cao su', 'team-lk', 'Tổ SX Lai Khê', 'CN cạo mủ', 'active', 'wg-lk-cn', 'user', '{"source":"seed-laikhe"}'),
  (uuid_generate_v5('6ba7b810-9dad-11d1-80b4-00c04fd430c8'::uuid, 'lk:Trần Văn Thiết'),         'LK-CN-015', 'Trần Văn Thiết',         'MIG-LK-0015', 'lk-tran-van-thiet',         'dl-3', 'Trung tâm nghiên cứu phát triển Giống cao su', 'team-lk', 'Tổ SX Lai Khê', 'CN cạo mủ', 'active', 'wg-lk-cn', 'user', '{"source":"seed-laikhe"}'),
  (uuid_generate_v5('6ba7b810-9dad-11d1-80b4-00c04fd430c8'::uuid, 'lk:Trần Văn Linh Sang'),    'LK-CN-016', 'Trần Văn Linh Sang',    'MIG-LK-0016', 'lk-tran-van-linh-sang',    'dl-3', 'Trung tâm nghiên cứu phát triển Giống cao su', 'team-lk', 'Tổ SX Lai Khê', 'CN cạo mủ', 'active', 'wg-lk-cn', 'user', '{"source":"seed-laikhe"}'),
  (uuid_generate_v5('6ba7b810-9dad-11d1-80b4-00c04fd430c8'::uuid, 'lk:Lư Trần Kiều Dung'),     'LK-CN-017', 'Lư Trần Kiều Dung',     'MIG-LK-0017', 'lk-lu-tran-kieu-dung',     'dl-3', 'Trung tâm nghiên cứu phát triển Giống cao su', 'team-lk', 'Tổ SX Lai Khê', 'CN cạo mủ', 'active', 'wg-lk-cn', 'user', '{"source":"seed-laikhe"}'),
  (uuid_generate_v5('6ba7b810-9dad-11d1-80b4-00c04fd430c8'::uuid, 'lk:Trần Thị Mỹ Tiên'),      'LK-CN-018', 'Trần Thị Mỹ Tiên',      'MIG-LK-0018', 'lk-tran-thi-my-tien',      'dl-3', 'Trung tâm nghiên cứu phát triển Giống cao su', 'team-lk', 'Tổ SX Lai Khê', 'CN cạo mủ', 'active', 'wg-lk-cn', 'user', '{"source":"seed-laikhe"}'),
  (uuid_generate_v5('6ba7b810-9dad-11d1-80b4-00c04fd430c8'::uuid, 'lk:Văn Quang Tuấn'),         'LK-CN-019', 'Văn Quang Tuấn',         'MIG-LK-0019', 'lk-van-quang-tuan',         'dl-3', 'Trung tâm nghiên cứu phát triển Giống cao su', 'team-lk', 'Tổ SX Lai Khê', 'CN cạo mủ', 'active', 'wg-lk-cn', 'user', '{"source":"seed-laikhe"}'),
  (uuid_generate_v5('6ba7b810-9dad-11d1-80b4-00c04fd430c8'::uuid, 'lk:Đoàn Thị Trang'),        'LK-CN-020', 'Đoàn Thị Trang',        'MIG-LK-0020', 'lk-doan-thi-trang',        'dl-3', 'Trung tâm nghiên cứu phát triển Giống cao su', 'team-lk', 'Tổ SX Lai Khê', 'CN cạo mủ', 'active', 'wg-lk-cn', 'user', '{"source":"seed-laikhe"}'),
  (uuid_generate_v5('6ba7b810-9dad-11d1-80b4-00c04fd430c8'::uuid, 'lk:Nguyễn Thị Thúy Hằng'),   'LK-CN-021', 'Nguyễn Thị Thúy Hằng',   'MIG-LK-0021', 'lk-nguyen-thi-thuy-hang',   'dl-3', 'Trung tâm nghiên cứu phát triển Giống cao su', 'team-lk', 'Tổ SX Lai Khê', 'CN cạo mủ', 'active', 'wg-lk-cn', 'user', '{"source":"seed-laikhe"}'),
  (uuid_generate_v5('6ba7b810-9dad-11d1-80b4-00c04fd430c8'::uuid, 'lk:Nguyễn Văn Trường'),      'LK-CN-022', 'Nguyễn Văn Trường',      'MIG-LK-0022', 'lk-nguyen-van-truong',      'dl-3', 'Trung tâm nghiên cứu phát triển Giống cao su', 'team-lk', 'Tổ SX Lai Khê', 'CN cạo mủ', 'active', 'wg-lk-cn', 'user', '{"source":"seed-laikhe"}'),
  (uuid_generate_v5('6ba7b810-9dad-11d1-80b4-00c04fd430c8'::uuid, 'lk:Lê Thị Hoa'),             'LK-CN-023', 'Lê Thị Hoa',             'MIG-LK-0023', 'lk-le-thi-hoa',             'dl-3', 'Trung tâm nghiên cứu phát triển Giống cao su', 'team-lk', 'Tổ SX Lai Khê', 'CN cạo mủ', 'active', 'wg-lk-cn', 'user', '{"source":"seed-laikhe"}'),
  (uuid_generate_v5('6ba7b810-9dad-11d1-80b4-00c04fd430c8'::uuid, 'lk:Phạm Thị Luyến'),         'LK-CN-024', 'Phạm Thị Luyến',         'MIG-LK-0024', 'lk-pham-thi-luyen',         'dl-3', 'Trung tâm nghiên cứu phát triển Giống cao su', 'team-lk', 'Tổ SX Lai Khê', 'CN cạo mủ', 'active', 'wg-lk-cn', 'user', '{"source":"seed-laikhe"}'),
  (uuid_generate_v5('6ba7b810-9dad-11d1-80b4-00c04fd430c8'::uuid, 'lk:Trần Thị Lệ Phương'),     'LK-CN-025', 'Trần Thị Lệ Phương',     'MIG-LK-0025', 'lk-tran-thi-le-phuong',     'dl-3', 'Trung tâm nghiên cứu phát triển Giống cao su', 'team-lk', 'Tổ SX Lai Khê', 'CN cạo mủ', 'active', 'wg-lk-cn', 'user', '{"source":"seed-laikhe"}'),
  (uuid_generate_v5('6ba7b810-9dad-11d1-80b4-00c04fd430c8'::uuid, 'lk:Huỳnh Văn Định'),         'LK-CN-026', 'Huỳnh Văn Định',         'MIG-LK-0026', 'lk-huynh-van-dinh',         'dl-3', 'Trung tâm nghiên cứu phát triển Giống cao su', 'team-lk', 'Tổ SX Lai Khê', 'CN cạo mủ', 'active', 'wg-lk-cn', 'user', '{"source":"seed-laikhe"}'),
  (uuid_generate_v5('6ba7b810-9dad-11d1-80b4-00c04fd430c8'::uuid, 'lk:Nguyễn Bá Luận'),         'LK-CN-027', 'Nguyễn Bá Luận',         'MIG-LK-0027', 'lk-nguyen-ba-luan',         'dl-3', 'Trung tâm nghiên cứu phát triển Giống cao su', 'team-lk', 'Tổ SX Lai Khê', 'CN cạo mủ', 'active', 'wg-lk-cn', 'user', '{"source":"seed-laikhe"}'),
  (uuid_generate_v5('6ba7b810-9dad-11d1-80b4-00c04fd430c8'::uuid, 'lk:Huỳnh Tuấn Dũng'),       'LK-CN-028', 'Huỳnh Tuấn Dũng',       'MIG-LK-0028', 'lk-huynh-tuan-dung',       'dl-3', 'Trung tâm nghiên cứu phát triển Giống cao su', 'team-lk', 'Tổ SX Lai Khê', 'CN cạo mủ', 'active', 'wg-lk-cn', 'user', '{"source":"seed-laikhe"}'),
  (uuid_generate_v5('6ba7b810-9dad-11d1-80b4-00c04fd430c8'::uuid, 'lk:Nguyễn Thị Loan'),         'LK-CN-029', 'Nguyễn Thị Loan',         'MIG-LK-0029', 'lk-nguyen-thi-loan',         'dl-3', 'Trung tâm nghiên cứu phát triển Giống cao su', 'team-lk', 'Tổ SX Lai Khê', 'CN cạo mủ', 'active', 'wg-lk-cn', 'user', '{"source":"seed-laikhe"}'),
  (uuid_generate_v5('6ba7b810-9dad-11d1-80b4-00c04fd430c8'::uuid, 'lk:Trần Thanh Xuân'),        'LK-CN-030', 'Trần Thanh Xuân',        'MIG-LK-0030', 'lk-tran-thanh-xuan',        'dl-3', 'Trung tâm nghiên cứu phát triển Giống cao su', 'team-lk', 'Tổ SX Lai Khê', 'CN cạo mủ', 'active', 'wg-lk-cn', 'user', '{"source":"seed-laikhe"}'),
  (uuid_generate_v5('6ba7b810-9dad-11d1-80b4-00c04fd430c8'::uuid, 'lk:Nguyễn Thị Tuyết'),       'LK-CN-031', 'Nguyễn Thị Tuyết',       'MIG-LK-0031', 'lk-nguyen-thi-tuyet',       'dl-3', 'Trung tâm nghiên cứu phát triển Giống cao su', 'team-lk', 'Tổ SX Lai Khê', 'CN cạo mủ', 'active', 'wg-lk-cn', 'user', '{"source":"seed-laikhe"}'),
  (uuid_generate_v5('6ba7b810-9dad-11d1-80b4-00c04fd430c8'::uuid, 'lk:Huỳnh Thị Mỹ Loan'),     'LK-CN-032', 'Huỳnh Thị Mỹ Loan',     'MIG-LK-0032', 'lk-huynh-thi-my-loan',     'dl-3', 'Trung tâm nghiên cứu phát triển Giống cao su', 'team-lk', 'Tổ SX Lai Khê', 'CN cạo mủ', 'active', 'wg-lk-cn', 'user', '{"source":"seed-laikhe"}'),
  (uuid_generate_v5('6ba7b810-9dad-11d1-80b4-00c04fd430c8'::uuid, 'lk:Nguyễn Kim Lợi'),         'LK-CN-033', 'Nguyễn Kim Lợi',         'MIG-LK-0033', 'lk-nguyen-kim-loi',         'dl-3', 'Trung tâm nghiên cứu phát triển Giống cao su', 'team-lk', 'Tổ SX Lai Khê', 'CN cạo mủ', 'active', 'wg-lk-cn', 'user', '{"source":"seed-laikhe"}'),
  (uuid_generate_v5('6ba7b810-9dad-11d1-80b4-00c04fd430c8'::uuid, 'lk:Nguyễn Thị Mộng Cầm'),    'LK-CN-034', 'Nguyễn Thị Mộng Cầm',    'MIG-LK-0034', 'lk-nguyen-thi-mong-cam',    'dl-3', 'Trung tâm nghiên cứu phát triển Giống cao su', 'team-lk', 'Tổ SX Lai Khê', 'CN cạo mủ', 'active', 'wg-lk-cn', 'user', '{"source":"seed-laikhe"}'),
  (uuid_generate_v5('6ba7b810-9dad-11d1-80b4-00c04fd430c8'::uuid, 'lk:Lê Thị Hưng'),             'LK-CN-035', 'Lê Thị Hưng',             'MIG-LK-0035', 'lk-le-thi-hung',             'dl-3', 'Trung tâm nghiên cứu phát triển Giống cao su', 'team-lk', 'Tổ SX Lai Khê', 'CN cạo mủ', 'active', 'wg-lk-cn', 'user', '{"source":"seed-laikhe"}'),
  (uuid_generate_v5('6ba7b810-9dad-11d1-80b4-00c04fd430c8'::uuid, 'lk:Lê Thị Tuyết'),            'LK-CN-036', 'Lê Thị Tuyết',            'MIG-LK-0036', 'lk-le-thi-tuyet',            'dl-3', 'Trung tâm nghiên cứu phát triển Giống cao su', 'team-lk', 'Tổ SX Lai Khê', 'CN cạo mủ', 'active', 'wg-lk-cn', 'user', '{"source":"seed-laikhe"}'),
  (uuid_generate_v5('6ba7b810-9dad-11d1-80b4-00c04fd430c8'::uuid, 'lk:Dương Tuấn'),              'LK-CN-037', 'Dương Tuấn',              'MIG-LK-0037', 'lk-duong-tuan',              'dl-3', 'Trung tâm nghiên cứu phát triển Giống cao su', 'team-lk', 'Tổ SX Lai Khê', 'CN cạo mủ', 'active', 'wg-lk-cn', 'user', '{"source":"seed-laikhe"}'),
  (uuid_generate_v5('6ba7b810-9dad-11d1-80b4-00c04fd430c8'::uuid, 'lk:Phạm Thị Thùy Trang'),    'LK-CN-038', 'Phạm Thị Thùy Trang',    'MIG-LK-0038', 'lk-pham-thi-thuy-trang',    'dl-3', 'Trung tâm nghiên cứu phát triển Giống cao su', 'team-lk', 'Tổ SX Lai Khê', 'CN cạo mủ', 'active', 'wg-lk-cn', 'user', '{"source":"seed-laikhe"}'),
  (uuid_generate_v5('6ba7b810-9dad-11d1-80b4-00c04fd430c8'::uuid, 'lk:Nguyễn Hoàng Như yến'),   'LK-CN-039', 'Nguyễn Hoàng Như yến',   'MIG-LK-0039', 'lk-nguyen-hoang-nhu-yen',   'dl-3', 'Trung tâm nghiên cứu phát triển Giống cao su', 'team-lk', 'Tổ SX Lai Khê', 'CN cạo mủ', 'active', 'wg-lk-cn', 'user', '{"source":"seed-laikhe"}'),
  (uuid_generate_v5('6ba7b810-9dad-11d1-80b4-00c04fd430c8'::uuid, 'lk:Nguyễn Minh Tùng'),        'LK-KH-001', 'Nguyễn Minh Tùng',        'MIG-LK-0040', 'lk-nguyen-minh-tung',        'dl-3', 'Trung tâm nghiên cứu phát triển Giống cao su', 'team-lk', 'Tổ SX Lai Khê', 'Khoán hộ',  'active', 'wg-lk-kh', 'user', '{"source":"seed-laikhe"}'),
  (uuid_generate_v5('6ba7b810-9dad-11d1-80b4-00c04fd430c8'::uuid, 'lk:Lê Trọng Mạnh'),           'LK-KH-002', 'Lê Trọng Mạnh',           'MIG-LK-0041', 'lk-le-trong-manh',           'dl-3', 'Trung tâm nghiên cứu phát triển Giống cao su', 'team-lk', 'Tổ SX Lai Khê', 'Khoán hộ',  'active', 'wg-lk-kh', 'user', '{"source":"seed-laikhe"}'),
  (uuid_generate_v5('6ba7b810-9dad-11d1-80b4-00c04fd430c8'::uuid, 'lk:Lê Văn Hùng'),             'LK-KH-003', 'Lê Văn Hùng',             'MIG-LK-0042', 'lk-le-van-hung',             'dl-3', 'Trung tâm nghiên cứu phát triển Giống cao su', 'team-lk', 'Tổ SX Lai Khê', 'Khoán hộ',  'active', 'wg-lk-kh', 'user', '{"source":"seed-laikhe"}'),
  (uuid_generate_v5('6ba7b810-9dad-11d1-80b4-00c04fd430c8'::uuid, 'lk:Danh Rel'),                'LK-KH-004', 'Danh Rel',                'MIG-LK-0043', 'lk-danh-rel',                'dl-3', 'Trung tâm nghiên cứu phát triển Giống cao su', 'team-lk', 'Tổ SX Lai Khê', 'Khoán hộ',  'active', 'wg-lk-kh', 'user', '{"source":"seed-laikhe"}'),
  (uuid_generate_v5('6ba7b810-9dad-11d1-80b4-00c04fd430c8'::uuid, 'lk:Nguyễn Văn Lan'),          'LK-KH-005', 'Nguyễn Văn Lan',          'MIG-LK-0044', 'lk-nguyen-van-lan',          'dl-3', 'Trung tâm nghiên cứu phát triển Giống cao su', 'team-lk', 'Tổ SX Lai Khê', 'Khoán hộ',  'active', 'wg-lk-kh', 'user', '{"source":"seed-laikhe"}'),
  (uuid_generate_v5('6ba7b810-9dad-11d1-80b4-00c04fd430c8'::uuid, 'lk:Nguyễn Minh Tâm'),         'LK-KH-006', 'Nguyễn Minh Tâm',         'MIG-LK-0045', 'lk-nguyen-minh-tam',         'dl-3', 'Trung tâm nghiên cứu phát triển Giống cao su', 'team-lk', 'Tổ SX Lai Khê', 'Khoán hộ',  'active', 'wg-lk-kh', 'user', '{"source":"seed-laikhe"}'),
  (uuid_generate_v5('6ba7b810-9dad-11d1-80b4-00c04fd430c8'::uuid, 'lk:Nguyễn Văn Ao'),            'LK-KH-007', 'Nguyễn Văn Ao',            'MIG-LK-0046', 'lk-nguyen-van-ao',            'dl-3', 'Trung tâm nghiên cứu phát triển Giống cao su', 'team-lk', 'Tổ SX Lai Khê', 'Khoán hộ',  'active', 'wg-lk-kh', 'user', '{"source":"seed-laikhe"}'),
  (uuid_generate_v5('6ba7b810-9dad-11d1-80b4-00c04fd430c8'::uuid, 'lk:Nguyễn Thanh Tạo'),         'LK-KH-008', 'Nguyễn Thanh Tạo',         'MIG-LK-0047', 'lk-nguyen-thanh-tao',         'dl-3', 'Trung tâm nghiên cứu phát triển Giống cao su', 'team-lk', 'Tổ SX Lai Khê', 'Khoán hộ',  'active', 'wg-lk-kh', 'user', '{"source":"seed-laikhe"}'),
  (uuid_generate_v5('6ba7b810-9dad-11d1-80b4-00c04fd430c8'::uuid, 'lk:Dương Quốc Thanh'),        'LK-KH-009', 'Dương Quốc Thanh',        'MIG-LK-0048', 'lk-duong-quoc-thanh',        'dl-3', 'Trung tâm nghiên cứu phát triển Giống cao su', 'team-lk', 'Tổ SX Lai Khê', 'Khoán hộ',  'active', 'wg-lk-kh', 'user', '{"source":"seed-laikhe"}'),
  (uuid_generate_v5('6ba7b810-9dad-11d1-80b4-00c04fd430c8'::uuid, 'lk:Hoàng Thị Kim Lan'),        'LK-KH-010', 'Hoàng Thị Kim Lan',        'MIG-LK-0049', 'lk-hoang-thi-kim-lan',        'dl-3', 'Trung tâm nghiên cứu phát triển Giống cao su', 'team-lk', 'Tổ SX Lai Khê', 'Khoán hộ',  'active', 'wg-lk-kh', 'user', '{"source":"seed-laikhe","contract_ref":"KH08959697"}')
ON CONFLICT (employee_code) DO UPDATE SET
  full_name = EXCLUDED.full_name,
  team_id = EXCLUDED.team_id,
  team_name = EXCLUDED.team_name,
  work_group_id = EXCLUDED.work_group_id,
  department_id = EXCLUDED.department_id,
  metadata = employee.metadata || EXCLUDED.metadata;

-- Phân công mặc định: dùng file riêng theo bảng SX thực tế
--   Phiên A 21/06/2026 → seed-laikhe-assign-session-a-2026-06-21.sql
--   Phiên B 22/06/2026 → seed-laikhe-assign-session-b-2026-06-22.sql
--   Phiên C 23/06/2026 → seed-laikhe-assign-session-c-2026-06-23.sql
--   Phiên D 24/06/2026 → seed-laikhe-assign-session-d-2026-06-24.sql
--   Hoặc gộp 21+22: reset-laikhe-assign-2026-06-21-22.sql

-- Kiểm tra nhanh
-- SELECT * FROM v_tapping_sections WHERE team_id = 'team-lk' ORDER BY lot_code, section_no;
-- SELECT * FROM v_tapping_section_roster WHERE team_name = 'Tổ SX Lai Khê' AND record_date = '2026-06-01' ORDER BY lot_code, section_no;
